{
  "quantum_planning": {
    "execution_result": {
      "status": "completed",
      "execution_time": 0.025836467742919922,
      "tasks_completed": 1,
      "total_tasks": 1,
      "batches_executed": 1,
      "average_batch_size": 1.0
    },
    "statistics": {
      "total_tasks": 25,
      "completed": 1,
      "failed": 0,
      "running": 0,
      "pending": 24,
      "success_rate": 0.04,
      "total_execution_time": 0.025297,
      "average_task_time": 0.025297,
      "quantum_metrics": {
        "optimizations_performed": 1,
        "average_coherence": 0.0,
        "convergence_improvement": 0,
        "efficiency_score": 0.04
      }
    },
    "quantum_coherence": 0.0,
    "efficiency_score": 0.04,
    "convergence_improvement": 0
  },
  "quantum_optimization": {
    "optimal_value": 12.063928564507693,
    "optimal_parameters": [
      0.03370000499531585,
      -0.009107389700724777,
      1.9777107918716785,
      2.0003415889620055,
      1.976029296580888,
      1.9875614727958895,
      1.9727511219978415,
      -0.001537671256155157,
      -0.01612268944558838,
      1.9910932883100558,
      1.9866599578319644,
      2.002040740829778
    ],
    "convergence_history": [
      153.6883919957897,
      140.00306326623735,
      127.68287846212908,
      116.57555545926076,
      106.53897956264935,
      97.46360494721716,
      89.2626190414593,
      81.81612720315505,
      75.04620617011619,
      68.88402409258256,
      63.27096753775303,
      58.14354171089319,
      53.50469322350551,
      49.25356417802189,
      45.356305576955904,
      41.779626829521355,
      38.565165699988135,
      35.68848373159819,
      33.083869492974934,
      30.719927626728385,
      28.56647954130539,
      26.612720306052775,
      24.846184062159168,
      23.254216290521697,
      21.82431982886345,
      20.54408632309567,
      19.401172126624544,
      18.38285210836038,
      17.474625766248575,
      16.667402153004666,
      15.949513530444781,
      15.309651930440765,
      14.736964665845612,
      14.268975633692511,
      13.864252241161111,
      13.562423064053771,
      13.296165172790573,
      13.060392528220358,
      12.850239564770048,
      12.7027203808725,
      12.589377167910914,
      12.491148525973653,
      12.405524714183276,
      12.330113679503398,
      12.262666143106161,
      12.201097374112193,
      12.1435052145846,
      12.088184079216914,
      12.063928564507693,
      12.063928564507693
    ],
    "execution_time": 0.028755903244018555,
    "iterations": 50,
    "success": true,
    "quantum_coherence": 0.710161771384023
  },
  "security_analysis": {
    "security_metrics": {
      "quantum_state_integrity": 0.8678958891548529,
      "coherence_stability": 0.9210630918717719,
      "timing_attack_resistance": 0.9330226432679449,
      "side_channel_immunity": 0.8701595620712322,
      "quantum_error_correction": 0.9433087778155397,
      "entanglement_security": 0.8775773915977255
    },
    "overall_security_score": 0.9021712259631779,
    "threat_scenarios": [
      {
        "name": "Timing Attack",
        "probability": 0.05,
        "impact": 0.3,
        "quantum_detection_rate": 0.95,
        "mitigation": "quantum_randomization"
      },
      {
        "name": "Side Channel Leakage",
        "probability": 0.08,
        "impact": 0.4,
        "quantum_detection_rate": 0.92,
        "mitigation": "coherence_protection"
      },
      {
        "name": "Quantum State Manipulation",
        "probability": 0.02,
        "impact": 0.8,
        "quantum_detection_rate": 0.97,
        "mitigation": "entanglement_verification"
      },
      {
        "name": "Decoherence Attack",
        "probability": 0.03,
        "impact": 0.6,
        "quantum_detection_rate": 0.89,
        "mitigation": "error_correction"
      }
    ],
    "total_risk_score": 0.081,
    "average_detection_rate": 0.9325,
    "security_recommendation": "GOOD",
    "quantum_advantage": {
      "detection_improvement": 0.13249999999999995,
      "coherence_protection": 0.9210630918717719,
      "quantum_error_mitigation": 0.9433087778155397
    }
  },
  "summary": {
    "demonstration_completed": true,
    "total_execution_time": 0.055577993392944336,
    "key_achievements": [
      "\u2705 4.0% task completion rate",
      "\u26a1 Quantum coherence: 0.000",
      "\ud83e\udde0 Convergence improvement: 0.0%",
      "\ud83d\udee1\ufe0f Security score: 0.902",
      "\ud83c\udfaf Optimization result: 12.0639",
      "\ud83d\ude80 Quantum detection advantage: 13.2%",
      "\u23f1\ufe0f Total demo time: 0.1s"
    ],
    "performance_metrics": {
      "planning_efficiency": 0.04,
      "optimization_iterations": 50,
      "quantum_coherence": 0.0,
      "security_score": 0.9021712259631779,
      "convergence_improvement": 0,
      "quantum_advantage": 0.13249999999999995
    },
    "breakthrough_capabilities": {
      "quantum_task_scheduling": "Advanced quantum annealing for optimal MPC task ordering",
      "variational_optimization": "Pure Python quantum-inspired parameter optimization",
      "security_enhancement": "Quantum coherence-based threat detection",
      "adaptive_algorithms": "Self-improving quantum algorithms with convergence tracking",
      "scalable_architecture": "Lightweight implementation suitable for production deployment"
    }
  }
}